timestamp,total,pass,fail
2025-09-09 10:46:30,?,1,0
2025-09-09 10:51:38,?,1,0
2025-09-09 13:12:16,?,1,0
2025-09-09 13:23:04,?,1,0
2025-09-09 13:23:48,?,1,0
2025-09-09 13:31:29,?,1,0
2025-09-09 13:47:41,?,1,0
2025-09-09 13:51:40,?,1,0
2025-09-09 13:53:30,?,1,0
2025-09-09 13:58:34,?,1,0
2025-09-09 14:04:25,?,1,0
2025-09-09 14:07:34,?,1,0
2025-09-09 14:34:25,?,1,0
2025-09-11 10:43:56,?,1,0
2025-09-11 14:34:54,?,1,0
2025-09-12 11:26:56,?,1,0
2025-09-12 12:03:09,?,1,0
2025-09-12 12:03:31,?,1,0
2025-09-12 12:06:31,?,1,0
2025-09-12 12:13:05,?,1,0
2025-09-12 12:13:18,?,1,0
2025-09-12 12:13:31,?,1,0
2025-09-12 12:14:43,?,1,0
2025-09-12 12:17:20,?,1,0
2025-09-12 12:19:09,?,1,0
2025-09-12 12:26:49,?,1,0
2025-09-12 12:52:37,?,1,0
2025-09-12 12:55:10,?,1,0
2025-09-12 13:06:41,?,1,0
2025-09-12 13:47:54,?,1,0
2025-09-12 13:54:47,?,1,0
2025-09-12 13:55:20,?,1,0
2025-09-12 13:58:08,?,1,0
2025-09-12 14:07:31,?,1,0
2025-09-12 14:11:27,?,1,0
2025-09-12 14:24:33,?,1,0
2025-09-15 10:54:19,?,1,0
2025-09-15 10:54:54,?,1,0
2025-09-15 12:10:59,?,1,0
2025-09-15 12:11:33,?,1,0
2025-09-15 12:16:58,?,1,0
2025-09-15 14:42:27,?,1,0
2025-09-16 10:23:47,?,1,0
2025-09-16 11:49:31,?,1,0
2025-09-16 11:59:23,?,1,0
2025-09-16 12:10:57,?,1,0
2025-09-16 12:11:27,?,1,0
2025-09-16 12:14:06,?,1,0
2025-09-16 12:24:02,?,1,0
2025-09-16 12:27:00,?,1,0
2025-09-16 12:34:02,?,1,0
2025-09-16 12:38:55,?,1,0
2025-09-16 12:48:37,?,1,0
2025-09-16 12:54:49,?,1,0
2025-09-16 13:20:54,?,1,0
2025-09-16 13:28:48,?,1,0
2025-09-16 14:04:20,?,1,0
2025-09-16 14:19:35,?,1,0
2025-09-16 14:21:53,?,1,0
2025-09-16 14:30:01,?,1,0
2025-09-16 14:32:53,?,1,0
2025-09-16 14:35:53,?,1,0
2025-09-16 14:38:44,?,1,0
2025-09-16 14:41:29,?,1,0
2025-09-22 14:11:05,?,1,0
2025-09-22 14:14:04,?,1,0
2025-09-22 15:09:18,?,1,0
2025-09-22 15:11:34,?,1,0
2025-09-22 15:15:41,?,1,0
2025-09-22 15:26:00,?,1,0
2025-09-22 15:33:44,?,1,0
2025-09-22 15:34:07,?,1,0
2025-09-22 15:36:31,?,1,0
2025-09-23 11:04:52,?,1,0
2025-09-23 11:31:55,?,1,0
2025-09-23 12:54:13,?,1,0
2025-10-07 09:52:15,?,1,0
