timestamp,tests,failures,errors,skipped
2025-09-09 13:12:15,?,?,?,?
2025-09-09 13:23:03,7,0,0,1
2025-09-09 13:23:47,7,0,0,1
2025-09-09 13:31:28,7,0,0,1
2025-09-09 13:47:40,7,0,0,1
2025-09-09 13:51:40,7,0,0,1
2025-09-09 13:53:29,7,0,0,1
2025-09-09 13:58:33,7,0,0,1
2025-09-09 14:04:25,7,0,0,1
2025-09-09 14:07:34,7,0,0,1
2025-09-09 14:34:25,7,0,0,1
2025-09-11 10:43:55,7,0,0,1
2025-09-11 14:34:53,7,0,0,1
2025-09-12 11:26:55,7,0,0,1
2025-09-12 12:03:09,7,0,0,1
2025-09-12 12:03:30,7,0,0,1
2025-09-12 12:06:30,7,0,0,1
2025-09-12 12:13:05,7,0,0,1
2025-09-12 12:13:18,7,0,0,1
2025-09-12 12:13:30,7,0,0,1
2025-09-12 12:14:42,7,0,0,1
2025-09-12 12:17:19,7,0,0,1
2025-09-12 12:19:08,7,0,0,1
2025-09-12 12:26:49,7,0,0,1
2025-09-12 12:52:36,7,0,0,1
2025-09-12 12:55:10,7,0,0,1
2025-09-12 13:06:40,7,0,0,1
2025-09-12 13:47:54,7,0,0,1
2025-09-12 13:54:46,7,0,0,1
2025-09-12 13:55:19,7,0,0,1
2025-09-12 13:58:08,7,0,0,1
2025-09-12 14:07:31,7,0,0,1
2025-09-12 14:11:27,7,0,0,1
2025-09-12 14:24:32,7,0,0,1
