timestamp,total,pass,fail
2025-09-09 10:46:30,?,1,0
2025-09-09 10:51:38,?,1,0
2025-09-09 13:12:16,?,1,0
2025-09-09 13:23:04,?,1,0
2025-09-09 13:23:48,?,1,0
2025-09-09 13:31:29,?,1,0
2025-09-09 13:47:41,?,1,0
2025-09-09 13:51:40,?,1,0
2025-09-09 13:53:30,?,1,0
2025-09-09 13:58:34,?,1,0
2025-09-09 14:04:25,?,1,0
2025-09-09 14:07:34,?,1,0
2025-09-09 14:34:25,?,1,0
2025-09-11 10:43:56,?,1,0
2025-09-11 14:34:54,?,1,0
2025-09-12 11:26:56,?,1,0
2025-09-12 12:03:09,?,1,0
2025-09-12 12:03:31,?,1,0
2025-09-12 12:06:31,?,1,0
2025-09-12 12:13:05,?,1,0
2025-09-12 12:13:18,?,1,0
2025-09-12 12:13:31,?,1,0
2025-09-12 12:14:43,?,1,0
2025-09-12 12:17:20,?,1,0
2025-09-12 12:19:09,?,1,0
2025-09-12 12:26:49,?,1,0
2025-09-12 12:52:37,?,1,0
2025-09-12 12:55:10,?,1,0
2025-09-12 13:06:41,?,1,0
2025-09-12 13:47:54,?,1,0
2025-09-12 13:54:47,?,1,0
2025-09-12 13:55:20,?,1,0
2025-09-12 13:58:08,?,1,0
2025-09-12 14:07:31,?,1,0
2025-09-12 14:11:27,?,1,0
2025-09-12 14:24:33,?,1,0
