Timestamp,User Count,Type,Name,Requests/s,Failures/s,50%,66%,75%,80%,90%,95%,98%,99%,99.9%,99.99%,100%,Total Request Count,Total Failure Count,Total Median Response Time,Total Average Response Time,Total Min Response Time,Total Max Response Time,Total Average Content Size
1765367776,0,,Aggregated,0.000000,0.000000,N/A,N/A,N/A,N/A,N/A,N/A,N/A,N/A,N/A,N/A,N/A,0,0,0,0.0,0,0,0
1765367777,5,,Aggregated,0.000000,0.000000,150,150,150,170,170,170,170,170,170,170,170,5,0,150.0,147.94336459998476,135.33134599998675,167.16380100001516,23.0
1765367778,10,,Aggregated,0.000000,0.000000,120,140,140,150,150,170,170,170,170,170,170,13,1,120.0,106.63651515384433,12.908714000047894,167.16380100001516,23.0
1765367779,15,,Aggregated,5.000000,0.000000,120,130,140,140,150,150,170,170,170,170,170,26,4,120.0,84.20484211538337,3.960571999982676,167.16380100001516,23.0
1765367780,20,,Aggregated,6.000000,0.500000,120,120,130,140,140,150,170,170,170,170,170,40,7,94,72.9973241749974,3.960571999982676,167.16380100001516,23.0
1765367781,25,,Aggregated,7.000000,1.333333,14,120,120,130,140,140,150,170,170,170,170,61,14,14,60.09033857376976,3.749939000044833,167.16380100001516,23.0
1765367782,25,,Aggregated,8.750000,1.500000,13,18,120,120,140,140,150,170,170,170,170,77,16,13,49.26055254545512,3.749939000044833,167.16380100001516,23.0
1765367783,25,,Aggregated,10.200000,2.200000,12,14,120,120,130,140,150,170,170,170,170,92,19,12,42.04963607608771,3.749939000044833,167.16380100001516,23.0
1765367784,25,,Aggregated,11.000000,2.333333,6,14,23,120,130,140,150,150,170,170,170,108,21,6,36.795905398149756,3.749939000044833,167.16380100001516,23.0
1765367785,25,,Aggregated,11.857143,2.571429,5,13,15,120,130,140,150,150,170,170,170,125,25,5,32.425415320002685,3.749939000044833,167.16380100001516,23.0
1765367786,25,,Aggregated,12.125000,2.500000,5,13,14,18,120,140,150,150,170,170,170,141,29,5,29.408619801422077,3.6231369999768503,167.16380100001516,23.0
1765367787,25,,Aggregated,12.666667,2.333333,4,13,14,15,120,140,140,150,170,170,170,158,33,4,26.92684022785139,3.6231369999768503,167.16380100001516,23.0
1765367788,25,,Aggregated,13.100000,2.700000,4,13,14,14,120,130,140,150,170,170,170,170,35,4,25.63282461176821,3.521836999993866,167.16380100001516,23.0
1765367789,25,,Aggregated,14.000000,3.000000,4,12,13,14,120,130,140,150,170,170,170,190,39,4,23.554857168423837,3.521836999993866,167.16380100001516,23.0
1765367790,25,,Aggregated,14.900000,3.200000,4,10,13,14,120,130,140,150,170,170,170,204,42,4,22.330575014708494,3.521836999993866,167.16380100001516,23.0
1765367791,25,,Aggregated,15.700000,3.400000,4,6,13,14,120,130,140,150,170,170,170,220,47,4,21.01359348636643,3.521836999993866,167.16380100001516,23.0
1765367792,25,,Aggregated,15.700000,3.300000,4,5,13,13,120,130,140,150,170,170,170,237,50,4,19.85537527004458,3.521836999993866,167.16380100001516,23.0
1765367793,25,,Aggregated,16.200000,3.400000,4,5,13,13,94,130,140,150,170,170,170,253,52,4,18.93058790118754,3.521836999993866,167.16380100001516,23.0
1765367794,25,,Aggregated,16.000000,3.400000,4,5,12,13,23,130,140,150,170,170,170,269,54,4,18.05546193308694,3.521836999993866,167.16380100001516,23.0
1765367795,25,,Aggregated,16.000000,3.200000,4,5,12,13,18,120,140,150,170,170,170,285,57,4,17.271695705264346,3.521836999993866,167.16380100001516,23.0
1765367796,25,,Aggregated,16.400000,3.300000,4,5,9,13,16,120,140,140,170,170,170,301,62,4,16.63222972425341,3.521836999993866,167.16380100001516,23.0
1765367797,25,,Aggregated,16.200000,3.500000,4,5,6,13,16,120,140,140,170,170,170,317,64,4,16.040482063092156,3.521836999993866,167.16380100001516,23.0
1765367798,25,,Aggregated,16.200000,3.100000,4,5,5,12,15,120,140,140,170,170,170,337,67,4,15.34632076854634,3.521836999993866,167.16380100001516,23.0
1765367799,25,,Aggregated,16.400000,3.400000,4,5,5,12,15,120,140,140,170,170,170,349,67,4,14.997976025788454,3.521836999993866,167.16380100001516,23.0
1765367800,25,,Aggregated,16.400000,3.400000,4,5,5,12,15,120,140,140,170,170,170,368,70,4,14.44329004347909,3.521836999993866,167.16380100001516,23.0
1765367801,25,,Aggregated,16.200000,2.900000,4,4,5,10,14,120,140,140,170,170,170,381,73,4,14.092027167979682,3.521836999993866,167.16380100001516,23.0
1765367802,25,,Aggregated,16.700000,2.900000,4,4,5,6,14,120,130,140,170,170,170,401,78,4,13.631077172070757,3.521836999993866,167.16380100001516,23.0
1765367803,25,,Aggregated,15.900000,2.600000,4,4,5,6,14,120,130,140,170,170,170,417,79,4,13.271897055156922,3.521836999993866,167.16380100001516,23.0
1765367804,25,,Aggregated,16.400000,2.800000,4,4,5,5,14,120,130,140,170,170,170,431,80,4,12.996425366590614,3.521836999993866,167.16380100001516,23.0
1765367805,25,,Aggregated,16.300000,2.800000,4,4,5,5,14,120,130,140,170,170,170,450,82,4,12.628187853334303,3.521836999993866,167.16380100001516,23.0
1765367806,25,,Aggregated,16.000000,2.600000,4,4,5,5,14,120,130,140,170,170,170,466,86,4,12.341301077254254,3.521836999993866,167.16380100001516,23.0
1765367807,25,,Aggregated,16.400000,2.400000,4,4,5,5,14,120,130,140,170,170,170,480,89,4,12.107667810417427,3.521836999993866,167.16380100001516,23.0
1765367808,25,,Aggregated,16.000000,2.500000,4,4,5,5,14,120,130,140,170,170,170,498,94,4,11.826936371486617,3.521836999993866,167.16380100001516,23.0
1765367809,25,,Aggregated,16.200000,2.300000,4,4,5,5,13,94,130,140,170,170,170,516,102,4,11.557036565892126,3.521836999993866,167.16380100001516,23.0
1765367810,25,,Aggregated,16.200000,2.400000,4,4,5,5,13,23,130,140,170,170,170,533,105,4,11.34261266791804,3.521836999993866,167.16380100001516,23.0
1765367811,25,,Aggregated,16.300000,2.900000,4,4,5,5,13,18,130,140,170,170,170,550,107,4,11.123701592727842,3.521836999993866,167.16380100001516,23.0
1765367812,25,,Aggregated,16.300000,3.500000,4,4,5,5,13,18,130,140,170,170,170,562,109,4,10.973914492883251,3.521836999993866,167.16380100001516,23.0
1765367813,25,,Aggregated,16.600000,3.400000,4,4,5,5,13,18,130,140,170,170,170,583,110,4,10.735059137221572,3.521836999993866,167.16380100001516,23.0
1765367814,25,,Aggregated,16.500000,3.200000,4,4,5,5,13,18,130,140,170,170,170,598,115,4,10.574748327759549,3.521836999993866,167.16380100001516,23.0
1765367815,25,,Aggregated,16.400000,3.200000,4,4,5,5,13,16,130,140,170,170,170,613,115,4,10.418844862969332,3.521836999993866,167.16380100001516,23.0
1765367816,25,,Aggregated,16.600000,3.300000,4,4,5,5,13,16,130,140,170,170,170,633,117,4,10.248917753554588,3.521836999993866,167.16380100001516,23.0
1765367817,25,,Aggregated,16.300000,3.500000,4,4,5,5,13,16,130,140,170,170,170,645,121,4,10.14200868372109,3.521836999993866,167.16380100001516,23.0
1765367818,25,,Aggregated,16.700000,3.200000,4,4,5,5,13,16,130,140,170,170,170,662,124,4,9.988720959214643,3.521836999993866,167.16380100001516,23.0
1765367819,25,,Aggregated,16.700000,3.200000,4,4,5,5,13,16,130,140,170,170,170,685,130,4,9.793925824817844,3.521836999993866,167.16380100001516,23.0
1765367820,25,,Aggregated,16.900000,3.200000,4,4,5,5,13,16,130,140,170,170,170,692,132,4,9.740758093931012,3.521836999993866,167.16380100001516,23.0
1765367821,25,,Aggregated,16.500000,2.800000,4,4,5,5,13,15,120,140,170,170,170,713,136,4,9.578448291725536,3.521836999993866,167.16380100001516,23.0
1765367822,25,,Aggregated,16.500000,2.800000,4,4,5,5,12,15,120,140,170,170,170,732,139,4,9.444999043716285,3.521836999993866,167.16380100001516,23.0
1765367823,25,,Aggregated,16.700000,3.100000,4,4,5,5,12,15,120,140,170,170,170,746,144,4,9.346569630027425,3.521836999993866,167.16380100001516,23.0
1765367824,25,,Aggregated,16.200000,3.000000,4,4,5,5,12,14,120,140,170,170,170,765,151,4,9.22155193987013,3.521836999993866,167.16380100001516,23.0
1765367825,25,,Aggregated,16.600000,2.900000,4,4,5,5,12,14,120,140,170,170,170,778,153,4,9.138727668381334,3.521836999993866,167.16380100001516,23.0
1765367826,25,,Aggregated,16.600000,3.400000,4,4,5,5,12,14,120,140,170,170,170,795,157,4,9.034607309434868,3.521836999993866,167.16380100001516,23.0
1765367827,25,,Aggregated,16.800000,3.700000,4,4,5,5,9,14,120,130,170,170,170,814,160,4,8.919652196561044,3.521836999993866,167.16380100001516,23.0
1765367828,25,,Aggregated,16.600000,4.000000,4,4,5,5,9,14,120,130,170,170,170,827,163,4,8.851065025393815,3.521836999993866,167.16380100001516,23.0
1765367829,25,,Aggregated,16.000000,3.800000,4,4,5,5,7,14,120,130,170,170,170,843,167,4,8.76405723131756,3.521836999993866,167.16380100001516,23.0
1765367830,25,,Aggregated,16.200000,4.000000,4,4,5,5,7,14,120,130,170,170,170,860,169,4,8.67450327674493,3.521836999993866,167.16380100001516,23.0
1765367831,25,,Aggregated,16.400000,3.900000,4,4,5,5,6,14,120,130,170,170,170,880,172,4,8.57952645227345,3.521836999993866,167.16380100001516,23.0
1765367832,25,,Aggregated,16.400000,3.600000,4,4,5,5,6,14,120,130,170,170,170,896,174,4,8.501158831473937,3.521836999993866,167.16380100001516,23.0
1765367833,25,,Aggregated,15.900000,3.400000,4,4,5,5,6,14,120,130,170,170,170,911,179,4,8.430642603732755,3.521836999993866,167.16380100001516,23.0
1765367834,25,,Aggregated,16.400000,3.400000,4,4,5,5,6,14,120,130,170,170,170,929,181,4,8.353273906351404,3.521836999993866,167.16380100001516,23.0
1765367835,25,,Aggregated,16.500000,3.600000,4,4,5,5,6,14,120,130,170,170,170,947,183,4,8.275193676874979,3.521836999993866,167.16380100001516,23.0
1765367836,25,,Aggregated,16.600000,3.300000,4,4,5,5,6,14,120,130,170,170,170,959,188,4,8.224958862357235,3.521836999993866,167.16380100001516,23.0
1765367837,25,,Aggregated,16.400000,3.000000,4,4,4,5,6,14,120,130,170,170,170,977,191,4,8.150375995906446,3.521836999993866,167.16380100001516,23.0
1765367838,25,,Aggregated,16.600000,3.000000,4,4,4,5,6,14,120,130,170,170,170,996,195,4,8.075297198795788,3.521836999993866,167.16380100001516,23.0
1765367839,25,,Aggregated,17.200000,3.300000,4,4,4,5,6,14,120,130,150,170,170,1014,199,4,8.007464146943331,3.521836999993866,167.16380100001516,23.0
1765367840,25,,Aggregated,16.900000,3.100000,4,4,4,5,6,13,120,130,150,170,170,1028,200,4,7.9568299095335595,3.521836999993866,167.16380100001516,23.0
1765367841,25,,Aggregated,17.100000,3.300000,4,4,4,5,6,13,120,130,150,170,170,1047,201,4,7.887566632283322,3.521836999993866,167.16380100001516,23.0
1765367842,25,,Aggregated,16.700000,3.300000,4,4,4,5,6,13,120,130,150,170,170,1067,203,4,7.821866380506822,3.521836999993866,167.16380100001516,23.0
1765367843,25,,Aggregated,17.000000,3.000000,4,4,4,5,5,13,120,130,150,170,170,1083,204,4,7.7664353831954225,3.521836999993866,167.16380100001516,23.0
1765367844,25,,Aggregated,16.900000,2.900000,4,4,4,5,5,13,120,130,150,170,170,1099,208,4,7.716861346679385,3.521836999993866,167.16380100001516,23.0
1765367845,25,,Aggregated,16.800000,2.800000,4,4,4,5,5,13,120,130,150,170,170,1112,213,4,7.677669127698484,3.521836999993866,167.16380100001516,23.0
1765367846,25,,Aggregated,16.900000,2.700000,4,4,4,5,5,13,120,130,150,170,170,1130,216,4,7.623236964602433,3.521836999993866,167.16380100001516,23.0
1765367847,25,,Aggregated,16.900000,2.900000,4,4,4,5,5,13,120,130,150,170,170,1147,219,4,7.572320780296937,3.521836999993866,167.16380100001516,23.0
1765367848,25,,Aggregated,16.900000,2.900000,4,4,4,5,5,13,120,130,150,170,170,1165,223,4,7.519478558799002,3.521836999993866,167.16380100001516,23.0
1765367849,25,,Aggregated,16.500000,2.800000,4,4,4,5,5,13,120,130,150,170,170,1184,225,4,7.46817755152088,3.521836999993866,167.16380100001516,23.0
1765367850,25,,Aggregated,16.600000,2.500000,4,4,4,5,5,13,120,130,150,170,170,1200,229,4,7.427996635000669,3.521836999993866,167.16380100001516,23.0
1765367851,25,,Aggregated,17.000000,2.700000,4,4,4,5,5,13,120,130,150,170,170,1215,234,4,7.392310070782511,3.521836999993866,167.16380100001516,23.0
1765367852,25,,Aggregated,17.100000,2.600000,4,4,4,5,5,13,120,130,150,170,170,1236,238,4,7.3378569474115904,3.521836999993866,167.16380100001516,23.0
1765367853,25,,Aggregated,17.500000,3.000000,4,4,4,5,5,13,94,130,150,170,170,1253,239,4,7.298079697526506,3.521836999993866,167.16380100001516,23.0
1765367854,25,,Aggregated,17.500000,3.500000,4,4,4,5,5,13,94,130,150,170,170,1270,242,4,7.258521298425796,3.521836999993866,167.16380100001516,23.0
1765367855,25,,Aggregated,17.100000,3.500000,4,4,4,5,5,13,94,130,150,170,170,1288,244,4,7.224130335404374,3.521836999993866,167.16380100001516,23.0
1765367856,25,,Aggregated,17.000000,3.500000,4,4,4,5,5,13,23,130,150,170,170,1305,247,4,7.186176923372275,3.521836999993866,167.16380100001516,23.0
1765367857,25,,Aggregated,16.900000,3.100000,4,4,4,5,5,13,23,130,150,170,170,1321,249,4,7.1511071884942075,3.521836999993866,167.16380100001516,23.0
1765367858,25,,Aggregated,17.100000,3.100000,4,4,4,5,5,13,23,130,150,170,170,1338,253,4,7.1168952645746115,3.521836999993866,167.16380100001516,23.0
1765367859,25,,Aggregated,17.600000,3.100000,4,4,4,5,5,13,19,130,150,170,170,1356,257,4,7.079577035398834,3.521836999993866,167.16380100001516,23.0
1765367860,25,,Aggregated,17.200000,3.000000,4,4,4,5,5,13,19,130,150,170,170,1374,261,4,7.046831397380577,3.521836999993866,167.16380100001516,23.0
1765367861,25,,Aggregated,17.000000,3.100000,4,4,4,5,5,13,19,130,150,170,170,1389,263,4,7.016218592513286,3.521836999993866,167.16380100001516,23.0
1765367862,25,,Aggregated,17.300000,3.200000,4,4,4,5,5,13,18,120,150,170,170,1406,265,4,6.985354142248193,3.521836999993866,167.16380100001516,23.0
1765367863,25,,Aggregated,16.700000,3.100000,4,4,4,5,5,13,18,120,150,170,170,1425,270,4,6.949002950878046,3.521836999993866,167.16380100001516,23.0
1765367864,25,,Aggregated,17.000000,2.800000,4,4,4,5,5,13,18,120,150,170,170,1440,272,4,6.921804102084148,3.521836999993866,167.16380100001516,23.0
1765367865,25,,Aggregated,17.100000,2.800000,4,4,4,5,5,12,18,120,150,170,170,1457,273,4,6.894049395333803,3.521836999993866,167.16380100001516,23.0
1765367866,25,,Aggregated,17.300000,2.900000,4,4,4,5,5,12,18,120,150,170,170,1473,276,4,6.866527886626898,3.521836999993866,167.16380100001516,23.0
1765367867,25,,Aggregated,17.400000,3.000000,4,4,4,5,5,12,18,120,150,170,170,1487,279,4,6.843460277741392,3.521836999993866,167.16380100001516,23.0
1765367868,25,,Aggregated,16.800000,2.800000,4,4,4,5,5,12,18,120,150,170,170,1504,284,4,6.8135545771286745,3.521836999993866,167.16380100001516,23.0
1765367869,25,,Aggregated,16.600000,2.800000,4,4,4,5,5,12,18,120,150,170,170,1520,289,4,6.786707056579879,3.521836999993866,167.16380100001516,23.0
1765367870,25,,Aggregated,16.900000,3.200000,4,4,4,5,5,12,18,120,150,170,170,1535,293,4,6.762408476873882,3.521836999993866,167.16380100001516,23.0
1765367871,25,,Aggregated,16.700000,3.200000,4,4,4,5,5,12,16,120,150,170,170,1556,297,4,6.7302855758363656,3.521836999993866,167.16380100001516,23.0
1765367872,25,,Aggregated,16.600000,3.300000,4,4,4,5,5,12,16,120,150,170,170,1570,301,4,6.7089545598734635,3.521836999993866,167.16380100001516,23.0
1765367873,25,,Aggregated,16.400000,3.300000,4,4,4,5,5,12,16,120,150,170,170,1584,303,4,6.688257295455444,3.521836999993866,167.16380100001516,23.0
1765367874,25,,Aggregated,16.400000,3.300000,4,4,4,5,5,11,16,120,150,170,170,1602,305,4,6.660144197878601,3.521836999993866,167.16380100001516,23.0
1765367875,25,,Aggregated,16.700000,3.500000,4,4,4,5,5,11,16,120,150,170,170,1619,306,4,6.6360134107482756,3.521836999993866,167.16380100001516,23.0
1765367876,25,,Aggregated,15.800000,3.400000,4,4,4,5,5,10,16,120,150,170,170,1636,309,4,6.61123402139459,3.521836999993866,167.16380100001516,23.0
1765367877,25,,Aggregated,16.100000,3.300000,4,4,4,5,5,9,16,120,150,170,170,1654,316,4,6.588350431077162,3.521836999993866,167.16380100001516,23.0
1765367878,25,,Aggregated,16.400000,3.400000,4,4,4,5,5,9,16,120,150,170,170,1668,319,4,6.570328361511794,3.521836999993866,167.16380100001516,23.0
1765367879,25,,Aggregated,16.400000,3.300000,4,4,4,5,5,9,16,120,150,170,170,1684,322,4,6.549327752970111,3.521836999993866,167.16380100001516,23.0
1765367880,25,,Aggregated,16.400000,3.500000,4,4,4,5,5,9,16,120,150,170,170,1702,325,4,6.526136326087908,3.521836999993866,167.16380100001516,23.0
1765367881,25,,Aggregated,16.300000,3.400000,4,4,4,5,5,9,16,120,150,170,170,1719,330,4,6.506429479931154,3.521836999993866,167.16380100001516,23.0
1765367882,25,,Aggregated,16.100000,3.200000,4,4,4,5,5,8,16,120,150,170,170,1734,332,4,6.488825019608854,3.521836999993866,167.16380100001516,23.0
1765367883,25,,Aggregated,16.300000,3.100000,4,4,4,5,5,7,15,120,150,170,170,1752,336,4,6.467159932649377,3.521836999993866,167.16380100001516,23.0
1765367884,25,,Aggregated,16.200000,3.300000,4,4,4,5,5,7,15,120,150,170,170,1768,340,4,6.448379968326775,3.521836999993866,167.16380100001516,23.0
1765367885,25,,Aggregated,15.800000,3.100000,4,4,4,5,5,7,15,120,150,170,170,1785,341,4,6.427887433614504,3.521836999993866,167.16380100001516,23.0
1765367886,25,,Aggregated,16.700000,3.300000,4,4,4,5,5,7,15,120,150,170,170,1802,347,4,6.408116402331761,3.521836999993866,167.16380100001516,23.0
1765367887,25,,Aggregated,16.500000,3.500000,4,4,4,5,5,7,15,120,150,170,170,1821,351,4,6.385560466777562,3.521836999993866,167.16380100001516,23.0
1765367888,25,,Aggregated,16.500000,3.500000,4,4,4,5,5,7,15,120,150,170,170,1836,354,4,6.369732429739591,3.521836999993866,167.16380100001516,23.0
1765367889,25,,Aggregated,16.700000,3.800000,4,4,4,5,5,7,15,120,150,170,170,1851,357,4,6.356225707186315,3.521836999993866,167.16380100001516,23.0
1765367890,25,,Aggregated,16.600000,3.600000,4,4,4,5,5,7,15,120,150,170,170,1869,360,4,6.3373256682728245,3.521836999993866,167.16380100001516,23.0
1765367891,25,,Aggregated,16.900000,3.500000,4,4,4,5,5,7,15,120,150,170,170,1889,360,4,6.316971751721427,3.521836999993866,167.16380100001516,23.0
